{
  "version": "7",
  "dialect": "mysql",
  "entries": [
    {
      "idx": 0,
      "version": "5",
      "when": 1770572098941,
      "tag": "0000_natural_khan",
      "breakpoints": true
    },
    {
      "idx": 1,
      "version": "5",
      "when": 1770572195205,
      "tag": "0001_moaning_randall_flagg",
      "breakpoints": true
    },
    {
      "idx": 2,
      "version": "5",
      "when": 1770572782762,
      "tag": "0002_faulty_oracle",
      "breakpoints": true
    },
    {
      "idx": 3,
      "version": "5",
      "when": 1770643225834,
      "tag": "0003_powerful_jack_flag",
      "breakpoints": true
    }
  ]
}